﻿<?xml version="1.0" encoding="utf-8"?>
<DataSchemaModel FileFormatVersion="1.2" SchemaVersion="2.5" DspName="Microsoft.Data.Tools.Schema.Sql.SqlAzureV12DatabaseSchemaProvider" CollationLcid="1033" CollationCaseSensitive="False" xmlns="http://schemas.microsoft.com/sqlserver/dac/Serialization/2012/02">
	<Model>
		<Element Type="SqlDatabaseOptions">
			<Property Name="Collation" Value="SQL_Latin1_General_CP1_CI_AS" />
			<Property Name="IsAnsiPaddingOn" Value="False" />
			<Property Name="IsQuotedIdentifierOn" Value="False" />
			<Property Name="IsCursorDefaultScopeGlobal" Value="True" />
			<Property Name="IsTornPageProtectionOn" Value="False" />
			<Property Name="IsFullTextEnabled" Value="True" />
			<Property Name="ServiceBrokerOption" Value="1" />
			<Property Name="IsAllowSnapshotIsolation" Value="True" />
			<Property Name="IsReadCommittedSnapshot" Value="True" />
			<Property Name="IsEncryptionOn" Value="True" />
			<Property Name="CatalogCollation" Value="2" />
			<Property Name="FileStreamDirectoryName" Value="" />
			<Property Name="TargetRecoveryTimePeriod" Value="120" />
			<Relationship Name="DefaultFilegroup">
				<Entry>
					<References ExternalSource="BuiltIns" Name="[PRIMARY]" />
				</Entry>
			</Relationship>
		</Element>
		<Element Type="SqlDefaultConstraint">
			<Property Name="DefaultExpressionScript">
				<Value><![CDATA[(getdate())]]></Value>
			</Property>
			<Relationship Name="DefiningTable">
				<Entry>
					<References Name="[dbo].[adonis_schema]" />
				</Entry>
			</Relationship>
			<Relationship Name="ForColumn">
				<Entry>
					<References Name="[dbo].[adonis_schema].[migration_time]" />
				</Entry>
			</Relationship>
			<Annotation Type="SqlInlineConstraintAnnotation" Name="[dbo].[DF__adonis_sc__migra__5CD6CB2B]" Disambiguator="3" />
		</Element>
		<Element Type="SqlDefaultConstraint">
			<Property Name="DefaultExpressionScript">
				<Value><![CDATA[('1')]]></Value>
			</Property>
			<Relationship Name="DefiningTable">
				<Entry>
					<References Name="[dbo].[reserves]" />
				</Entry>
			</Relationship>
			<Relationship Name="ForColumn">
				<Entry>
					<References Name="[dbo].[reserves].[stateReserve]" />
				</Entry>
			</Relationship>
			<Annotation Type="SqlInlineConstraintAnnotation" Name="[dbo].[DF__reserves__stateR__02FC7413]" Disambiguator="4" />
		</Element>
		<Element Type="SqlDefaultConstraint">
			<Property Name="DefaultExpressionScript">
				<Value><![CDATA[('1')]]></Value>
			</Property>
			<Relationship Name="DefiningTable">
				<Entry>
					<References Name="[dbo].[products]" />
				</Entry>
			</Relationship>
			<Relationship Name="ForColumn">
				<Entry>
					<References Name="[dbo].[products].[state]" />
				</Entry>
			</Relationship>
			<Annotation Type="SqlInlineConstraintAnnotation" Name="[dbo].[DF__products__state__7F2BE32F]" Disambiguator="5" />
		</Element>
		<Element Type="SqlDefaultConstraint">
			<Property Name="DefaultExpressionScript">
				<Value><![CDATA[('1')]]></Value>
			</Property>
			<Relationship Name="DefiningTable">
				<Entry>
					<References Name="[dbo].[providers]" />
				</Entry>
			</Relationship>
			<Relationship Name="ForColumn">
				<Entry>
					<References Name="[dbo].[providers].[state]" />
				</Entry>
			</Relationship>
			<Annotation Type="SqlInlineConstraintAnnotation" Name="[dbo].[DF__providers__state__7C4F7684]" Disambiguator="6" />
		</Element>
		<Element Type="SqlDefaultConstraint">
			<Property Name="DefaultExpressionScript">
				<Value><![CDATA[('0')]]></Value>
			</Property>
			<Relationship Name="DefiningTable">
				<Entry>
					<References Name="[dbo].[tokens]" />
				</Entry>
			</Relationship>
			<Relationship Name="ForColumn">
				<Entry>
					<References Name="[dbo].[tokens].[is_revoked]" />
				</Entry>
			</Relationship>
			<Annotation Type="SqlInlineConstraintAnnotation" Name="[dbo].[DF__tokens__is_revok__787EE5A0]" Disambiguator="7" />
		</Element>
		<Element Type="SqlPrimaryKeyConstraint">
			<Relationship Name="ColumnSpecifications">
				<Entry>
					<Element Type="SqlIndexedColumnSpecification">
						<Relationship Name="Column">
							<Entry>
								<References Name="[dbo].[users].[id]" />
							</Entry>
						</Relationship>
					</Element>
				</Entry>
			</Relationship>
			<Relationship Name="DefiningTable">
				<Entry>
					<References Name="[dbo].[users]" />
				</Entry>
			</Relationship>
			<Annotation Type="SqlInlineConstraintAnnotation" Name="[dbo].[PK__users__3213E83F903EF3FC]" Disambiguator="8" />
		</Element>
		<Element Type="SqlPrimaryKeyConstraint">
			<Relationship Name="ColumnSpecifications">
				<Entry>
					<Element Type="SqlIndexedColumnSpecification">
						<Relationship Name="Column">
							<Entry>
								<References Name="[dbo].[products].[id]" />
							</Entry>
						</Relationship>
					</Element>
				</Entry>
			</Relationship>
			<Relationship Name="DefiningTable">
				<Entry>
					<References Name="[dbo].[products]" />
				</Entry>
			</Relationship>
			<Annotation Type="SqlInlineConstraintAnnotation" Name="[dbo].[PK__products__3213E83F0558D827]" Disambiguator="9" />
		</Element>
		<Element Type="SqlPrimaryKeyConstraint">
			<Relationship Name="ColumnSpecifications">
				<Entry>
					<Element Type="SqlIndexedColumnSpecification">
						<Relationship Name="Column">
							<Entry>
								<References Name="[dbo].[reserves].[id]" />
							</Entry>
						</Relationship>
					</Element>
				</Entry>
			</Relationship>
			<Relationship Name="DefiningTable">
				<Entry>
					<References Name="[dbo].[reserves]" />
				</Entry>
			</Relationship>
			<Annotation Type="SqlInlineConstraintAnnotation" Name="[dbo].[PK__reserves__3213E83F5C115858]" Disambiguator="10" />
		</Element>
		<Element Type="SqlPrimaryKeyConstraint">
			<Relationship Name="ColumnSpecifications">
				<Entry>
					<Element Type="SqlIndexedColumnSpecification">
						<Relationship Name="Column">
							<Entry>
								<References Name="[dbo].[tokens].[id]" />
							</Entry>
						</Relationship>
					</Element>
				</Entry>
			</Relationship>
			<Relationship Name="DefiningTable">
				<Entry>
					<References Name="[dbo].[tokens]" />
				</Entry>
			</Relationship>
			<Annotation Type="SqlInlineConstraintAnnotation" Name="[dbo].[PK__tokens__3213E83FD95C8E75]" Disambiguator="11" />
		</Element>
		<Element Type="SqlPrimaryKeyConstraint">
			<Relationship Name="ColumnSpecifications">
				<Entry>
					<Element Type="SqlIndexedColumnSpecification">
						<Relationship Name="Column">
							<Entry>
								<References Name="[dbo].[adonis_schema].[id]" />
							</Entry>
						</Relationship>
					</Element>
				</Entry>
			</Relationship>
			<Relationship Name="DefiningTable">
				<Entry>
					<References Name="[dbo].[adonis_schema]" />
				</Entry>
			</Relationship>
			<Annotation Type="SqlInlineConstraintAnnotation" Name="[dbo].[PK__adonis_s__3213E83F20476641]" Disambiguator="12" />
		</Element>
		<Element Type="SqlPrimaryKeyConstraint">
			<Relationship Name="ColumnSpecifications">
				<Entry>
					<Element Type="SqlIndexedColumnSpecification">
						<Relationship Name="Column">
							<Entry>
								<References Name="[dbo].[providers].[id]" />
							</Entry>
						</Relationship>
					</Element>
				</Entry>
			</Relationship>
			<Relationship Name="DefiningTable">
				<Entry>
					<References Name="[dbo].[providers]" />
				</Entry>
			</Relationship>
			<Annotation Type="SqlInlineConstraintAnnotation" Name="[dbo].[PK__provider__3213E83FACAA917A]" Disambiguator="13" />
		</Element>
		<Element Type="SqlUniqueConstraint">
			<Relationship Name="ColumnSpecifications">
				<Entry>
					<Element Type="SqlIndexedColumnSpecification">
						<Relationship Name="Column">
							<Entry>
								<References Name="[dbo].[providers].[email]" />
							</Entry>
						</Relationship>
					</Element>
				</Entry>
			</Relationship>
			<Relationship Name="DefiningTable">
				<Entry>
					<References Name="[dbo].[providers]" />
				</Entry>
			</Relationship>
			<Annotation Type="SqlInlineConstraintAnnotation" Name="[dbo].[UQ__provider__AB6E616408820C46]" Disambiguator="14" />
		</Element>
		<Element Type="SqlTable" Name="[dbo].[adonis_schema]">
			<Property Name="IsAnsiNullsOn" Value="True" />
			<Relationship Name="Columns">
				<Entry>
					<Element Type="SqlSimpleColumn" Name="[dbo].[adonis_schema].[id]">
						<Property Name="IsNullable" Value="False" />
						<Property Name="IsIdentity" Value="True" />
						<Relationship Name="TypeSpecifier">
							<Entry>
								<Element Type="SqlTypeSpecifier">
									<Relationship Name="Type">
										<Entry>
											<References ExternalSource="BuiltIns" Name="[int]" />
										</Entry>
									</Relationship>
								</Element>
							</Entry>
						</Relationship>
						<Annotation Type="OnlinePropertyAnnotation" Name="[LastValue]">
							<Property Name="Value" Value="10" />
						</Annotation>
					</Element>
				</Entry>
				<Entry>
					<Element Type="SqlSimpleColumn" Name="[dbo].[adonis_schema].[name]">
						<Relationship Name="TypeSpecifier">
							<Entry>
								<Element Type="SqlTypeSpecifier">
									<Property Name="Length" Value="255" />
									<Relationship Name="Type">
										<Entry>
											<References ExternalSource="BuiltIns" Name="[nvarchar]" />
										</Entry>
									</Relationship>
								</Element>
							</Entry>
						</Relationship>
					</Element>
				</Entry>
				<Entry>
					<Element Type="SqlSimpleColumn" Name="[dbo].[adonis_schema].[batch]">
						<Relationship Name="TypeSpecifier">
							<Entry>
								<Element Type="SqlTypeSpecifier">
									<Relationship Name="Type">
										<Entry>
											<References ExternalSource="BuiltIns" Name="[int]" />
										</Entry>
									</Relationship>
								</Element>
							</Entry>
						</Relationship>
					</Element>
				</Entry>
				<Entry>
					<Element Type="SqlSimpleColumn" Name="[dbo].[adonis_schema].[migration_time]">
						<Relationship Name="TypeSpecifier">
							<Entry>
								<Element Type="SqlTypeSpecifier">
									<Property Name="Scale" Value="7" />
									<Relationship Name="Type">
										<Entry>
											<References ExternalSource="BuiltIns" Name="[datetime2]" />
										</Entry>
									</Relationship>
								</Element>
							</Entry>
						</Relationship>
						<AttachedAnnotation Disambiguator="3" />
					</Element>
				</Entry>
			</Relationship>
			<Relationship Name="Schema">
				<Entry>
					<References ExternalSource="BuiltIns" Name="[dbo]" />
				</Entry>
			</Relationship>
			<AttachedAnnotation Disambiguator="12" />
		</Element>
		<Element Type="SqlProcedure" Name="[dbo].[create_reserve]">
			<Property Name="BodyScript">
				<Value QuotedIdentifiers="True" AnsiNulls="True"><![CDATA[
	INSERT INTO reserves(quantity, 
	                   price, 
	                   userId, 
	                   productId, 
	                   stateReserve, 
	                   created_at)
	VALUES(	@quantity, 
	        @price, 
	        @userId,  
	        @productId, 
	        0, 
	        getdate())

	SET @reserveid = SCOPE_IDENTITY()]]></Value>
			</Property>
			<Property Name="IsAnsiNullsOn" Value="True" />
			<Relationship Name="BodyDependencies">
				<Entry>
					<References Name="[dbo].[reserves]" />
				</Entry>
				<Entry>
					<References Name="[dbo].[reserves].[quantity]" />
				</Entry>
				<Entry>
					<References Name="[dbo].[reserves].[price]" />
				</Entry>
				<Entry>
					<References Name="[dbo].[reserves].[userId]" />
				</Entry>
				<Entry>
					<References Name="[dbo].[reserves].[productId]" />
				</Entry>
				<Entry>
					<References Name="[dbo].[reserves].[stateReserve]" />
				</Entry>
				<Entry>
					<References Name="[dbo].[reserves].[created_at]" />
				</Entry>
				<Entry>
					<References Name="[dbo].[create_reserve].[@quantity]" />
				</Entry>
				<Entry>
					<References Name="[dbo].[create_reserve].[@price]" />
				</Entry>
				<Entry>
					<References Name="[dbo].[create_reserve].[@userId]" />
				</Entry>
				<Entry>
					<References Name="[dbo].[create_reserve].[@productId]" />
				</Entry>
				<Entry>
					<References Name="[dbo].[create_reserve].[@reserveid]" />
				</Entry>
			</Relationship>
			<Relationship Name="Parameters">
				<Entry>
					<Element Type="SqlSubroutineParameter" Name="[dbo].[create_reserve].[@reserveid]">
						<Property Name="IsOutput" Value="True" />
						<Relationship Name="Type">
							<Entry>
								<Element Type="SqlTypeSpecifier">
									<Property Name="Length" Value="20" />
									<Relationship Name="Type">
										<Entry>
											<References ExternalSource="BuiltIns" Name="[varchar]" />
										</Entry>
									</Relationship>
								</Element>
							</Entry>
						</Relationship>
					</Element>
				</Entry>
				<Entry>
					<Element Type="SqlSubroutineParameter" Name="[dbo].[create_reserve].[@quantity]">
						<Relationship Name="Type">
							<Entry>
								<Element Type="SqlTypeSpecifier">
									<Property Name="Length" Value="200" />
									<Relationship Name="Type">
										<Entry>
											<References ExternalSource="BuiltIns" Name="[nvarchar]" />
										</Entry>
									</Relationship>
								</Element>
							</Entry>
						</Relationship>
					</Element>
				</Entry>
				<Entry>
					<Element Type="SqlSubroutineParameter" Name="[dbo].[create_reserve].[@price]">
						<Relationship Name="Type">
							<Entry>
								<Element Type="SqlTypeSpecifier">
									<Property Name="Length" Value="200" />
									<Relationship Name="Type">
										<Entry>
											<References ExternalSource="BuiltIns" Name="[nvarchar]" />
										</Entry>
									</Relationship>
								</Element>
							</Entry>
						</Relationship>
					</Element>
				</Entry>
				<Entry>
					<Element Type="SqlSubroutineParameter" Name="[dbo].[create_reserve].[@userId]">
						<Relationship Name="Type">
							<Entry>
								<Element Type="SqlTypeSpecifier">
									<Relationship Name="Type">
										<Entry>
											<References ExternalSource="BuiltIns" Name="[int]" />
										</Entry>
									</Relationship>
								</Element>
							</Entry>
						</Relationship>
					</Element>
				</Entry>
				<Entry>
					<Element Type="SqlSubroutineParameter" Name="[dbo].[create_reserve].[@productId]">
						<Relationship Name="Type">
							<Entry>
								<Element Type="SqlTypeSpecifier">
									<Relationship Name="Type">
										<Entry>
											<References ExternalSource="BuiltIns" Name="[int]" />
										</Entry>
									</Relationship>
								</Element>
							</Entry>
						</Relationship>
					</Element>
				</Entry>
			</Relationship>
			<Relationship Name="Schema">
				<Entry>
					<References ExternalSource="BuiltIns" Name="[dbo]" />
				</Entry>
			</Relationship>
			<Annotation Type="SysCommentsObjectAnnotation">
				<Property Name="Length" Value="506" />
				<Property Name="StartLine" Value="1" />
				<Property Name="StartColumn" Value="1" />
				<Property Name="HeaderContents" Value="CREATE PROCEDURE [dbo].[create_reserve]&#xA;(&#xA;&#x9;@reserveid VARCHAR(20) output,&#xA;&#x9;@quantity NVARCHAR(200), &#xA;&#x9;@price NVARCHAR(200), &#xA;&#x9;@userId integer,&#xA;&#x9;@productId integer&#xA;)&#xA;AS" />
			</Annotation>
		</Element>
		<Element Type="SqlProcedure" Name="[dbo].[create_user]">
			<Property Name="BodyScript">
				<Value QuotedIdentifiers="True" AnsiNulls="True"><![CDATA[
	INSERT INTO users(name, 
	                   email, 
	                   password, 
	                   role, 
	                   user_create, 
	                   isactive , 
	                   created_at)
	VALUES(	@name, 
	        @email, 
	        @password,  
	        @perfil, 
	        @user_create, 
	        1, getdate())

	SET @userid = SCOPE_IDENTITY()]]></Value>
			</Property>
			<Property Name="IsAnsiNullsOn" Value="True" />
			<Relationship Name="BodyDependencies">
				<Entry>
					<References Name="[dbo].[users]" />
				</Entry>
				<Entry>
					<References Name="[dbo].[users].[name]" />
				</Entry>
				<Entry>
					<References Name="[dbo].[users].[email]" />
				</Entry>
				<Entry>
					<References Name="[dbo].[users].[password]" />
				</Entry>
				<Entry>
					<References Name="[dbo].[users].[role]" />
				</Entry>
				<Entry>
					<References Name="[dbo].[users].[user_create]" />
				</Entry>
				<Entry>
					<References Name="[dbo].[users].[isactive]" />
				</Entry>
				<Entry>
					<References Name="[dbo].[users].[created_at]" />
				</Entry>
				<Entry>
					<References Name="[dbo].[create_user].[@name]" />
				</Entry>
				<Entry>
					<References Name="[dbo].[create_user].[@email]" />
				</Entry>
				<Entry>
					<References Name="[dbo].[create_user].[@password]" />
				</Entry>
				<Entry>
					<References Name="[dbo].[create_user].[@perfil]" />
				</Entry>
				<Entry>
					<References Name="[dbo].[create_user].[@user_create]" />
				</Entry>
				<Entry>
					<References Name="[dbo].[create_user].[@userid]" />
				</Entry>
			</Relationship>
			<Relationship Name="Parameters">
				<Entry>
					<Element Type="SqlSubroutineParameter" Name="[dbo].[create_user].[@userid]">
						<Property Name="IsOutput" Value="True" />
						<Relationship Name="Type">
							<Entry>
								<Element Type="SqlTypeSpecifier">
									<Property Name="Length" Value="20" />
									<Relationship Name="Type">
										<Entry>
											<References ExternalSource="BuiltIns" Name="[varchar]" />
										</Entry>
									</Relationship>
								</Element>
							</Entry>
						</Relationship>
					</Element>
				</Entry>
				<Entry>
					<Element Type="SqlSubroutineParameter" Name="[dbo].[create_user].[@name]">
						<Relationship Name="Type">
							<Entry>
								<Element Type="SqlTypeSpecifier">
									<Property Name="Length" Value="200" />
									<Relationship Name="Type">
										<Entry>
											<References ExternalSource="BuiltIns" Name="[nvarchar]" />
										</Entry>
									</Relationship>
								</Element>
							</Entry>
						</Relationship>
					</Element>
				</Entry>
				<Entry>
					<Element Type="SqlSubroutineParameter" Name="[dbo].[create_user].[@email]">
						<Relationship Name="Type">
							<Entry>
								<Element Type="SqlTypeSpecifier">
									<Property Name="Length" Value="200" />
									<Relationship Name="Type">
										<Entry>
											<References ExternalSource="BuiltIns" Name="[nvarchar]" />
										</Entry>
									</Relationship>
								</Element>
							</Entry>
						</Relationship>
					</Element>
				</Entry>
				<Entry>
					<Element Type="SqlSubroutineParameter" Name="[dbo].[create_user].[@password]">
						<Relationship Name="Type">
							<Entry>
								<Element Type="SqlTypeSpecifier">
									<Property Name="Length" Value="200" />
									<Relationship Name="Type">
										<Entry>
											<References ExternalSource="BuiltIns" Name="[nvarchar]" />
										</Entry>
									</Relationship>
								</Element>
							</Entry>
						</Relationship>
					</Element>
				</Entry>
				<Entry>
					<Element Type="SqlSubroutineParameter" Name="[dbo].[create_user].[@perfil]">
						<Relationship Name="Type">
							<Entry>
								<Element Type="SqlTypeSpecifier">
									<Property Name="Length" Value="100" />
									<Relationship Name="Type">
										<Entry>
											<References ExternalSource="BuiltIns" Name="[nvarchar]" />
										</Entry>
									</Relationship>
								</Element>
							</Entry>
						</Relationship>
					</Element>
				</Entry>
				<Entry>
					<Element Type="SqlSubroutineParameter" Name="[dbo].[create_user].[@user_create]">
						<Relationship Name="Type">
							<Entry>
								<Element Type="SqlTypeSpecifier">
									<Relationship Name="Type">
										<Entry>
											<References ExternalSource="BuiltIns" Name="[int]" />
										</Entry>
									</Relationship>
								</Element>
							</Entry>
						</Relationship>
					</Element>
				</Entry>
			</Relationship>
			<Relationship Name="Schema">
				<Entry>
					<References ExternalSource="BuiltIns" Name="[dbo]" />
				</Entry>
			</Relationship>
			<Annotation Type="SysCommentsObjectAnnotation">
				<Property Name="Length" Value="561" />
				<Property Name="StartLine" Value="1" />
				<Property Name="StartColumn" Value="1" />
				<Property Name="HeaderContents" Value="CREATE PROCEDURE [dbo].[create_user]&#xA;(&#xA;&#x9;@userid VARCHAR(20) output,&#xA;&#x9;@name NVARCHAR(200), &#xA;&#x9;@email NVARCHAR(200), &#xA;&#x9;@password NVARCHAR(200),  &#xA;&#x9;@perfil NVARCHAR(100), &#xA;&#x9;@user_create integer &#xA;)&#xA;AS" />
			</Annotation>
		</Element>
		<Element Type="SqlProcedure" Name="[dbo].[insert_new_provider]">
			<Property Name="BodyScript">
				<Value QuotedIdentifiers="True" AnsiNulls="True"><![CDATA[ 


if EXISTS(select email from users WHERE email=@Email)
BEGIN
	
	insert into providers(name,address,district,ruc,email,image,latitude,longitude, firtsname_representative,lastname_representative, openOrClosed,hourStart,hourEnd,created_at) 
	values(@NomEmp,@Direccion,@Distrito,@Ruc,@Email,'https://www.cutivalu.pe/wp-content/uploads/2020/08/Planta-de-ox%C3%ADgeno.jpg','-12.04380292895969', '-77.0351042551412',@NomRepresent,@ApeRepresent,1,'10','18',GETDATE())

 

		SET @idprovider = SCOPE_IDENTITY()
		
INSERT INTO [dbo].[products]([name], [price], [image], [providerId], [state], [created_at], [updated_at]) 
	VALUES('Oxigeno 10 M3', 191.65, 'https://i.ibb.co/8zfMqhf/1.jpg', @idprovider,1, getdate(),getdate());
INSERT INTO [dbo].[products]([name], [price], [image], [providerId], [state], [created_at], [updated_at]) 
	VALUES('Oxigeno 20 M3', 291.65, 'https://i.ibb.co/j5TBK10/2.jpg', @idprovider,1, getdate(),getdate());
INSERT INTO [dbo].[products]([name], [price], [image], [providerId], [state], [created_at], [updated_at]) 
	VALUES('Oxigeno 30 M3', 391.65, 'https://i.ibb.co/vxrNQTb/3.jpg', @idprovider, 1, getdate(),getdate());

		
END

ELSE
BEGIN
	SET @idprovider = '0'

END]]></Value>
			</Property>
			<Property Name="IsAnsiNullsOn" Value="True" />
			<Relationship Name="BodyDependencies">
				<Entry>
					<References Name="[dbo].[users]" />
				</Entry>
				<Entry>
					<References Name="[dbo].[users].[email]" />
				</Entry>
				<Entry>
					<References Name="[dbo].[insert_new_provider].[@Email]" />
				</Entry>
				<Entry>
					<References Name="[dbo].[providers]" />
				</Entry>
				<Entry>
					<References Name="[dbo].[providers].[name]" />
				</Entry>
				<Entry>
					<References Name="[dbo].[providers].[address]" />
				</Entry>
				<Entry>
					<References Name="[dbo].[providers].[district]" />
				</Entry>
				<Entry>
					<References Name="[dbo].[providers].[ruc]" />
				</Entry>
				<Entry>
					<References Name="[dbo].[providers].[email]" />
				</Entry>
				<Entry>
					<References Name="[dbo].[providers].[image]" />
				</Entry>
				<Entry>
					<References Name="[dbo].[providers].[latitude]" />
				</Entry>
				<Entry>
					<References Name="[dbo].[providers].[longitude]" />
				</Entry>
				<Entry>
					<References Name="[dbo].[providers].[firtsname_representative]" />
				</Entry>
				<Entry>
					<References Name="[dbo].[providers].[lastname_representative]" />
				</Entry>
				<Entry>
					<References Name="[dbo].[providers].[openOrClosed]" />
				</Entry>
				<Entry>
					<References Name="[dbo].[providers].[hourStart]" />
				</Entry>
				<Entry>
					<References Name="[dbo].[providers].[hourEnd]" />
				</Entry>
				<Entry>
					<References Name="[dbo].[providers].[created_at]" />
				</Entry>
				<Entry>
					<References Name="[dbo].[insert_new_provider].[@NomEmp]" />
				</Entry>
				<Entry>
					<References Name="[dbo].[insert_new_provider].[@Direccion]" />
				</Entry>
				<Entry>
					<References Name="[dbo].[insert_new_provider].[@Distrito]" />
				</Entry>
				<Entry>
					<References Name="[dbo].[insert_new_provider].[@Ruc]" />
				</Entry>
				<Entry>
					<References Name="[dbo].[insert_new_provider].[@NomRepresent]" />
				</Entry>
				<Entry>
					<References Name="[dbo].[insert_new_provider].[@ApeRepresent]" />
				</Entry>
				<Entry>
					<References Name="[dbo].[insert_new_provider].[@idprovider]" />
				</Entry>
				<Entry>
					<References Name="[dbo].[products]" />
				</Entry>
				<Entry>
					<References Name="[dbo].[products].[name]" />
				</Entry>
				<Entry>
					<References Name="[dbo].[products].[price]" />
				</Entry>
				<Entry>
					<References Name="[dbo].[products].[image]" />
				</Entry>
				<Entry>
					<References Name="[dbo].[products].[providerId]" />
				</Entry>
				<Entry>
					<References Name="[dbo].[products].[state]" />
				</Entry>
				<Entry>
					<References Name="[dbo].[products].[created_at]" />
				</Entry>
				<Entry>
					<References Name="[dbo].[products].[updated_at]" />
				</Entry>
			</Relationship>
			<Relationship Name="Parameters">
				<Entry>
					<Element Type="SqlSubroutineParameter" Name="[dbo].[insert_new_provider].[@Ruc]">
						<Relationship Name="Type">
							<Entry>
								<Element Type="SqlTypeSpecifier">
									<Property Name="Length" Value="11" />
									<Relationship Name="Type">
										<Entry>
											<References ExternalSource="BuiltIns" Name="[varchar]" />
										</Entry>
									</Relationship>
								</Element>
							</Entry>
						</Relationship>
					</Element>
				</Entry>
				<Entry>
					<Element Type="SqlSubroutineParameter" Name="[dbo].[insert_new_provider].[@NomEmp]">
						<Relationship Name="Type">
							<Entry>
								<Element Type="SqlTypeSpecifier">
									<Property Name="Length" Value="50" />
									<Relationship Name="Type">
										<Entry>
											<References ExternalSource="BuiltIns" Name="[varchar]" />
										</Entry>
									</Relationship>
								</Element>
							</Entry>
						</Relationship>
					</Element>
				</Entry>
				<Entry>
					<Element Type="SqlSubroutineParameter" Name="[dbo].[insert_new_provider].[@Distrito]">
						<Relationship Name="Type">
							<Entry>
								<Element Type="SqlTypeSpecifier">
									<Property Name="Length" Value="50" />
									<Relationship Name="Type">
										<Entry>
											<References ExternalSource="BuiltIns" Name="[varchar]" />
										</Entry>
									</Relationship>
								</Element>
							</Entry>
						</Relationship>
					</Element>
				</Entry>
				<Entry>
					<Element Type="SqlSubroutineParameter" Name="[dbo].[insert_new_provider].[@Direccion]">
						<Relationship Name="Type">
							<Entry>
								<Element Type="SqlTypeSpecifier">
									<Property Name="Length" Value="100" />
									<Relationship Name="Type">
										<Entry>
											<References ExternalSource="BuiltIns" Name="[varchar]" />
										</Entry>
									</Relationship>
								</Element>
							</Entry>
						</Relationship>
					</Element>
				</Entry>
				<Entry>
					<Element Type="SqlSubroutineParameter" Name="[dbo].[insert_new_provider].[@Email]">
						<Relationship Name="Type">
							<Entry>
								<Element Type="SqlTypeSpecifier">
									<Property Name="Length" Value="100" />
									<Relationship Name="Type">
										<Entry>
											<References ExternalSource="BuiltIns" Name="[varchar]" />
										</Entry>
									</Relationship>
								</Element>
							</Entry>
						</Relationship>
					</Element>
				</Entry>
				<Entry>
					<Element Type="SqlSubroutineParameter" Name="[dbo].[insert_new_provider].[@NomRepresent]">
						<Relationship Name="Type">
							<Entry>
								<Element Type="SqlTypeSpecifier">
									<Property Name="Length" Value="100" />
									<Relationship Name="Type">
										<Entry>
											<References ExternalSource="BuiltIns" Name="[varchar]" />
										</Entry>
									</Relationship>
								</Element>
							</Entry>
						</Relationship>
					</Element>
				</Entry>
				<Entry>
					<Element Type="SqlSubroutineParameter" Name="[dbo].[insert_new_provider].[@ApeRepresent]">
						<Relationship Name="Type">
							<Entry>
								<Element Type="SqlTypeSpecifier">
									<Property Name="Length" Value="100" />
									<Relationship Name="Type">
										<Entry>
											<References ExternalSource="BuiltIns" Name="[varchar]" />
										</Entry>
									</Relationship>
								</Element>
							</Entry>
						</Relationship>
					</Element>
				</Entry>
				<Entry>
					<Element Type="SqlSubroutineParameter" Name="[dbo].[insert_new_provider].[@idprovider]">
						<Property Name="IsOutput" Value="True" />
						<Relationship Name="Type">
							<Entry>
								<Element Type="SqlTypeSpecifier">
									<Property Name="Length" Value="20" />
									<Relationship Name="Type">
										<Entry>
											<References ExternalSource="BuiltIns" Name="[varchar]" />
										</Entry>
									</Relationship>
								</Element>
							</Entry>
						</Relationship>
					</Element>
				</Entry>
			</Relationship>
			<Relationship Name="Schema">
				<Entry>
					<References ExternalSource="BuiltIns" Name="[dbo]" />
				</Entry>
			</Relationship>
			<Annotation Type="SysCommentsObjectAnnotation">
				<Property Name="Length" Value="1430" />
				<Property Name="StartLine" Value="1" />
				<Property Name="StartColumn" Value="1" />
				<Property Name="HeaderContents" Value="CREATE PROCEDURE [dbo].[insert_new_provider]&#xA;@Ruc varchar(11),&#xA;@NomEmp varchar(50),&#xA;@Distrito varchar(50),&#xA;@Direccion varchar(100),&#xA;@Email varchar(100),&#xA;@NomRepresent varchar(100),&#xA;@ApeRepresent varchar(100),&#xA;@idprovider VARCHAR(20) output&#xA;AS" />
			</Annotation>
		</Element>
		<Element Type="SqlProcedure" Name="[dbo].[list_distric]">
			<Property Name="BodyScript">
				<Value QuotedIdentifiers="True" AnsiNulls="True"><![CDATA[ 
SELECT district from providers group by district]]></Value>
			</Property>
			<Property Name="IsAnsiNullsOn" Value="True" />
			<Relationship Name="BodyDependencies">
				<Entry>
					<References Name="[dbo].[providers]" />
				</Entry>
				<Entry>
					<References Name="[dbo].[providers].[district]" />
				</Entry>
			</Relationship>
			<Relationship Name="Schema">
				<Entry>
					<References ExternalSource="BuiltIns" Name="[dbo]" />
				</Entry>
			</Relationship>
			<Annotation Type="SysCommentsObjectAnnotation">
				<Property Name="Length" Value="84" />
				<Property Name="StartLine" Value="1" />
				<Property Name="StartColumn" Value="1" />
				<Property Name="HeaderContents" Value="CREATE   PROCEDURE list_distric&#xA;AS" />
			</Annotation>
		</Element>
		<Element Type="SqlProcedure" Name="[dbo].[list_products]">
			<Property Name="BodyScript">
				<Value QuotedIdentifiers="True" AnsiNulls="True"><![CDATA[ 
SELECT * from products]]></Value>
			</Property>
			<Property Name="IsAnsiNullsOn" Value="True" />
			<Relationship Name="BodyDependencies">
				<Entry>
					<References Name="[dbo].[products]" />
				</Entry>
			</Relationship>
			<Relationship Name="Schema">
				<Entry>
					<References ExternalSource="BuiltIns" Name="[dbo]" />
				</Entry>
			</Relationship>
			<Annotation Type="SysCommentsObjectAnnotation">
				<Property Name="Length" Value="59" />
				<Property Name="StartLine" Value="1" />
				<Property Name="StartColumn" Value="1" />
				<Property Name="HeaderContents" Value="CREATE   PROCEDURE list_products&#xA;AS" />
			</Annotation>
		</Element>
		<Element Type="SqlProcedure" Name="[dbo].[list_providers]">
			<Property Name="BodyScript">
				<Value QuotedIdentifiers="True" AnsiNulls="True"><![CDATA[ 
SELECT * from providers]]></Value>
			</Property>
			<Property Name="IsAnsiNullsOn" Value="True" />
			<Relationship Name="BodyDependencies">
				<Entry>
					<References Name="[dbo].[providers]" />
				</Entry>
			</Relationship>
			<Relationship Name="Schema">
				<Entry>
					<References ExternalSource="BuiltIns" Name="[dbo]" />
				</Entry>
			</Relationship>
			<Annotation Type="SysCommentsObjectAnnotation">
				<Property Name="Length" Value="61" />
				<Property Name="StartLine" Value="1" />
				<Property Name="StartColumn" Value="1" />
				<Property Name="HeaderContents" Value="CREATE   PROCEDURE list_providers&#xA;AS" />
			</Annotation>
		</Element>
		<Element Type="SqlProcedure" Name="[dbo].[list_reserved_provider]">
			<Property Name="BodyScript">
				<Value QuotedIdentifiers="True" AnsiNulls="True"><![CDATA[ 
SELECT r.id, r.quantity , r.price, u1.name as name_user, p.name name_product, r.stateReserve, r.created_at , r.updated_at 
from reserves r 
inner join products p on p.id = r.productId 
inner join providers u2 on u2.id = p.providerId
inner join users u1 on u1.id = r.userid
where u2.email = @email
order by r.created_at desc]]></Value>
			</Property>
			<Property Name="IsAnsiNullsOn" Value="True" />
			<Relationship Name="BodyDependencies">
				<Entry>
					<References Name="[dbo].[reserves]" />
				</Entry>
				<Entry>
					<References Name="[dbo].[products]" />
				</Entry>
				<Entry>
					<References Name="[dbo].[products].[id]" />
				</Entry>
				<Entry>
					<References Name="[dbo].[reserves].[productId]" />
				</Entry>
				<Entry>
					<References Name="[dbo].[providers]" />
				</Entry>
				<Entry>
					<References Name="[dbo].[providers].[id]" />
				</Entry>
				<Entry>
					<References Name="[dbo].[products].[providerId]" />
				</Entry>
				<Entry>
					<References Name="[dbo].[users]" />
				</Entry>
				<Entry>
					<References Name="[dbo].[users].[id]" />
				</Entry>
				<Entry>
					<References Name="[dbo].[reserves].[userId]" />
				</Entry>
				<Entry>
					<References Name="[dbo].[reserves].[id]" />
				</Entry>
				<Entry>
					<References Name="[dbo].[reserves].[quantity]" />
				</Entry>
				<Entry>
					<References Name="[dbo].[reserves].[price]" />
				</Entry>
				<Entry>
					<References Name="[dbo].[users].[name]" />
				</Entry>
				<Entry>
					<References Name="[dbo].[products].[name]" />
				</Entry>
				<Entry>
					<References Name="[dbo].[reserves].[stateReserve]" />
				</Entry>
				<Entry>
					<References Name="[dbo].[reserves].[created_at]" />
				</Entry>
				<Entry>
					<References Name="[dbo].[reserves].[updated_at]" />
				</Entry>
				<Entry>
					<References Name="[dbo].[providers].[email]" />
				</Entry>
				<Entry>
					<References Name="[dbo].[list_reserved_provider].[@email]" />
				</Entry>
			</Relationship>
			<Relationship Name="Parameters">
				<Entry>
					<Element Type="SqlSubroutineParameter" Name="[dbo].[list_reserved_provider].[@email]">
						<Relationship Name="Type">
							<Entry>
								<Element Type="SqlTypeSpecifier">
									<Property Name="Length" Value="120" />
									<Relationship Name="Type">
										<Entry>
											<References ExternalSource="BuiltIns" Name="[nvarchar]" />
										</Entry>
									</Relationship>
								</Element>
							</Entry>
						</Relationship>
					</Element>
				</Entry>
			</Relationship>
			<Relationship Name="Schema">
				<Entry>
					<References ExternalSource="BuiltIns" Name="[dbo]" />
				</Entry>
			</Relationship>
			<Annotation Type="SysCommentsObjectAnnotation">
				<Property Name="Length" Value="393" />
				<Property Name="StartLine" Value="1" />
				<Property Name="StartColumn" Value="1" />
				<Property Name="HeaderContents" Value="CREATE   PROCEDURE list_reserved_provider @email [nvarchar](120)&#xA;AS" />
			</Annotation>
		</Element>
		<Element Type="SqlProcedure" Name="[dbo].[list_reservers]">
			<Property Name="BodyScript">
				<Value QuotedIdentifiers="True" AnsiNulls="True"><![CDATA[ 
SELECT * from reserves]]></Value>
			</Property>
			<Property Name="IsAnsiNullsOn" Value="True" />
			<Relationship Name="BodyDependencies">
				<Entry>
					<References Name="[dbo].[reserves]" />
				</Entry>
			</Relationship>
			<Relationship Name="Schema">
				<Entry>
					<References ExternalSource="BuiltIns" Name="[dbo]" />
				</Entry>
			</Relationship>
			<Annotation Type="SysCommentsObjectAnnotation">
				<Property Name="Length" Value="60" />
				<Property Name="StartLine" Value="1" />
				<Property Name="StartColumn" Value="1" />
				<Property Name="HeaderContents" Value="CREATE   PROCEDURE list_reservers&#xA;AS" />
			</Annotation>
		</Element>
		<Element Type="SqlProcedure" Name="[dbo].[list_users]">
			<Property Name="BodyScript">
				<Value QuotedIdentifiers="True" AnsiNulls="True"><![CDATA[ 
SELECT * from users]]></Value>
			</Property>
			<Property Name="IsAnsiNullsOn" Value="True" />
			<Relationship Name="BodyDependencies">
				<Entry>
					<References Name="[dbo].[users]" />
				</Entry>
			</Relationship>
			<Relationship Name="Schema">
				<Entry>
					<References ExternalSource="BuiltIns" Name="[dbo]" />
				</Entry>
			</Relationship>
			<Annotation Type="SysCommentsObjectAnnotation">
				<Property Name="Length" Value="53" />
				<Property Name="StartLine" Value="1" />
				<Property Name="StartColumn" Value="1" />
				<Property Name="HeaderContents" Value="CREATE   PROCEDURE list_users&#xA;AS" />
			</Annotation>
		</Element>
		<Element Type="SqlTable" Name="[dbo].[products]">
			<Property Name="IsAnsiNullsOn" Value="True" />
			<Relationship Name="Columns">
				<Entry>
					<Element Type="SqlSimpleColumn" Name="[dbo].[products].[id]">
						<Property Name="IsNullable" Value="False" />
						<Property Name="IsIdentity" Value="True" />
						<Relationship Name="TypeSpecifier">
							<Entry>
								<Element Type="SqlTypeSpecifier">
									<Relationship Name="Type">
										<Entry>
											<References ExternalSource="BuiltIns" Name="[int]" />
										</Entry>
									</Relationship>
								</Element>
							</Entry>
						</Relationship>
						<Annotation Type="OnlinePropertyAnnotation" Name="[LastValue]">
							<Property Name="Value" Value="68" />
						</Annotation>
					</Element>
				</Entry>
				<Entry>
					<Element Type="SqlSimpleColumn" Name="[dbo].[products].[name]">
						<Property Name="IsNullable" Value="False" />
						<Relationship Name="TypeSpecifier">
							<Entry>
								<Element Type="SqlTypeSpecifier">
									<Property Name="Length" Value="120" />
									<Relationship Name="Type">
										<Entry>
											<References ExternalSource="BuiltIns" Name="[nvarchar]" />
										</Entry>
									</Relationship>
								</Element>
							</Entry>
						</Relationship>
					</Element>
				</Entry>
				<Entry>
					<Element Type="SqlSimpleColumn" Name="[dbo].[products].[price]">
						<Property Name="IsNullable" Value="False" />
						<Relationship Name="TypeSpecifier">
							<Entry>
								<Element Type="SqlTypeSpecifier">
									<Property Name="Length" Value="120" />
									<Relationship Name="Type">
										<Entry>
											<References ExternalSource="BuiltIns" Name="[nvarchar]" />
										</Entry>
									</Relationship>
								</Element>
							</Entry>
						</Relationship>
					</Element>
				</Entry>
				<Entry>
					<Element Type="SqlSimpleColumn" Name="[dbo].[products].[image]">
						<Property Name="IsNullable" Value="False" />
						<Relationship Name="TypeSpecifier">
							<Entry>
								<Element Type="SqlTypeSpecifier">
									<Property Name="Length" Value="220" />
									<Relationship Name="Type">
										<Entry>
											<References ExternalSource="BuiltIns" Name="[nvarchar]" />
										</Entry>
									</Relationship>
								</Element>
							</Entry>
						</Relationship>
					</Element>
				</Entry>
				<Entry>
					<Element Type="SqlSimpleColumn" Name="[dbo].[products].[providerId]">
						<Relationship Name="TypeSpecifier">
							<Entry>
								<Element Type="SqlTypeSpecifier">
									<Relationship Name="Type">
										<Entry>
											<References ExternalSource="BuiltIns" Name="[int]" />
										</Entry>
									</Relationship>
								</Element>
							</Entry>
						</Relationship>
					</Element>
				</Entry>
				<Entry>
					<Element Type="SqlSimpleColumn" Name="[dbo].[products].[state]">
						<Relationship Name="TypeSpecifier">
							<Entry>
								<Element Type="SqlTypeSpecifier">
									<Property Name="Length" Value="100" />
									<Relationship Name="Type">
										<Entry>
											<References ExternalSource="BuiltIns" Name="[nvarchar]" />
										</Entry>
									</Relationship>
								</Element>
							</Entry>
						</Relationship>
						<AttachedAnnotation Disambiguator="5" />
					</Element>
				</Entry>
				<Entry>
					<Element Type="SqlSimpleColumn" Name="[dbo].[products].[created_at]">
						<Relationship Name="TypeSpecifier">
							<Entry>
								<Element Type="SqlTypeSpecifier">
									<Property Name="Scale" Value="7" />
									<Relationship Name="Type">
										<Entry>
											<References ExternalSource="BuiltIns" Name="[datetime2]" />
										</Entry>
									</Relationship>
								</Element>
							</Entry>
						</Relationship>
					</Element>
				</Entry>
				<Entry>
					<Element Type="SqlSimpleColumn" Name="[dbo].[products].[updated_at]">
						<Relationship Name="TypeSpecifier">
							<Entry>
								<Element Type="SqlTypeSpecifier">
									<Property Name="Scale" Value="7" />
									<Relationship Name="Type">
										<Entry>
											<References ExternalSource="BuiltIns" Name="[datetime2]" />
										</Entry>
									</Relationship>
								</Element>
							</Entry>
						</Relationship>
					</Element>
				</Entry>
			</Relationship>
			<Relationship Name="Schema">
				<Entry>
					<References ExternalSource="BuiltIns" Name="[dbo]" />
				</Entry>
			</Relationship>
			<AttachedAnnotation Disambiguator="9" />
		</Element>
		<Element Type="SqlForeignKeyConstraint" Name="[dbo].[products_providerid_foreign]">
			<Relationship Name="Columns">
				<Entry>
					<References Name="[dbo].[products].[providerId]" />
				</Entry>
			</Relationship>
			<Relationship Name="DefiningTable">
				<Entry>
					<References Name="[dbo].[products]" />
				</Entry>
			</Relationship>
			<Relationship Name="ForeignColumns">
				<Entry>
					<References Name="[dbo].[providers].[id]" />
				</Entry>
			</Relationship>
			<Relationship Name="ForeignTable">
				<Entry>
					<References Name="[dbo].[providers]" />
				</Entry>
			</Relationship>
		</Element>
		<Element Type="SqlTable" Name="[dbo].[providers]">
			<Property Name="IsAnsiNullsOn" Value="True" />
			<Relationship Name="Columns">
				<Entry>
					<Element Type="SqlSimpleColumn" Name="[dbo].[providers].[id]">
						<Property Name="IsNullable" Value="False" />
						<Property Name="IsIdentity" Value="True" />
						<Relationship Name="TypeSpecifier">
							<Entry>
								<Element Type="SqlTypeSpecifier">
									<Relationship Name="Type">
										<Entry>
											<References ExternalSource="BuiltIns" Name="[int]" />
										</Entry>
									</Relationship>
								</Element>
							</Entry>
						</Relationship>
						<Annotation Type="OnlinePropertyAnnotation" Name="[LastValue]">
							<Property Name="Value" Value="69" />
						</Annotation>
					</Element>
				</Entry>
				<Entry>
					<Element Type="SqlSimpleColumn" Name="[dbo].[providers].[name]">
						<Property Name="IsNullable" Value="False" />
						<Relationship Name="TypeSpecifier">
							<Entry>
								<Element Type="SqlTypeSpecifier">
									<Property Name="Length" Value="120" />
									<Relationship Name="Type">
										<Entry>
											<References ExternalSource="BuiltIns" Name="[nvarchar]" />
										</Entry>
									</Relationship>
								</Element>
							</Entry>
						</Relationship>
					</Element>
				</Entry>
				<Entry>
					<Element Type="SqlSimpleColumn" Name="[dbo].[providers].[image]">
						<Relationship Name="TypeSpecifier">
							<Entry>
								<Element Type="SqlTypeSpecifier">
									<Property Name="Length" Value="220" />
									<Relationship Name="Type">
										<Entry>
											<References ExternalSource="BuiltIns" Name="[nvarchar]" />
										</Entry>
									</Relationship>
								</Element>
							</Entry>
						</Relationship>
					</Element>
				</Entry>
				<Entry>
					<Element Type="SqlSimpleColumn" Name="[dbo].[providers].[address]">
						<Property Name="IsNullable" Value="False" />
						<Relationship Name="TypeSpecifier">
							<Entry>
								<Element Type="SqlTypeSpecifier">
									<Property Name="Length" Value="120" />
									<Relationship Name="Type">
										<Entry>
											<References ExternalSource="BuiltIns" Name="[nvarchar]" />
										</Entry>
									</Relationship>
								</Element>
							</Entry>
						</Relationship>
					</Element>
				</Entry>
				<Entry>
					<Element Type="SqlSimpleColumn" Name="[dbo].[providers].[district]">
						<Property Name="IsNullable" Value="False" />
						<Relationship Name="TypeSpecifier">
							<Entry>
								<Element Type="SqlTypeSpecifier">
									<Property Name="Length" Value="120" />
									<Relationship Name="Type">
										<Entry>
											<References ExternalSource="BuiltIns" Name="[nvarchar]" />
										</Entry>
									</Relationship>
								</Element>
							</Entry>
						</Relationship>
					</Element>
				</Entry>
				<Entry>
					<Element Type="SqlSimpleColumn" Name="[dbo].[providers].[ruc]">
						<Property Name="IsNullable" Value="False" />
						<Relationship Name="TypeSpecifier">
							<Entry>
								<Element Type="SqlTypeSpecifier">
									<Property Name="Length" Value="120" />
									<Relationship Name="Type">
										<Entry>
											<References ExternalSource="BuiltIns" Name="[nvarchar]" />
										</Entry>
									</Relationship>
								</Element>
							</Entry>
						</Relationship>
					</Element>
				</Entry>
				<Entry>
					<Element Type="SqlSimpleColumn" Name="[dbo].[providers].[email]">
						<Property Name="IsNullable" Value="False" />
						<Relationship Name="TypeSpecifier">
							<Entry>
								<Element Type="SqlTypeSpecifier">
									<Property Name="Length" Value="120" />
									<Relationship Name="Type">
										<Entry>
											<References ExternalSource="BuiltIns" Name="[nvarchar]" />
										</Entry>
									</Relationship>
								</Element>
							</Entry>
						</Relationship>
					</Element>
				</Entry>
				<Entry>
					<Element Type="SqlSimpleColumn" Name="[dbo].[providers].[firtsname_representative]">
						<Relationship Name="TypeSpecifier">
							<Entry>
								<Element Type="SqlTypeSpecifier">
									<Property Name="Length" Value="120" />
									<Relationship Name="Type">
										<Entry>
											<References ExternalSource="BuiltIns" Name="[nvarchar]" />
										</Entry>
									</Relationship>
								</Element>
							</Entry>
						</Relationship>
					</Element>
				</Entry>
				<Entry>
					<Element Type="SqlSimpleColumn" Name="[dbo].[providers].[lastname_representative]">
						<Relationship Name="TypeSpecifier">
							<Entry>
								<Element Type="SqlTypeSpecifier">
									<Property Name="Length" Value="120" />
									<Relationship Name="Type">
										<Entry>
											<References ExternalSource="BuiltIns" Name="[nvarchar]" />
										</Entry>
									</Relationship>
								</Element>
							</Entry>
						</Relationship>
					</Element>
				</Entry>
				<Entry>
					<Element Type="SqlSimpleColumn" Name="[dbo].[providers].[hourStart]">
						<Relationship Name="TypeSpecifier">
							<Entry>
								<Element Type="SqlTypeSpecifier">
									<Property Name="Length" Value="120" />
									<Relationship Name="Type">
										<Entry>
											<References ExternalSource="BuiltIns" Name="[nvarchar]" />
										</Entry>
									</Relationship>
								</Element>
							</Entry>
						</Relationship>
					</Element>
				</Entry>
				<Entry>
					<Element Type="SqlSimpleColumn" Name="[dbo].[providers].[hourEnd]">
						<Relationship Name="TypeSpecifier">
							<Entry>
								<Element Type="SqlTypeSpecifier">
									<Property Name="Length" Value="120" />
									<Relationship Name="Type">
										<Entry>
											<References ExternalSource="BuiltIns" Name="[nvarchar]" />
										</Entry>
									</Relationship>
								</Element>
							</Entry>
						</Relationship>
					</Element>
				</Entry>
				<Entry>
					<Element Type="SqlSimpleColumn" Name="[dbo].[providers].[openOrClosed]">
						<Relationship Name="TypeSpecifier">
							<Entry>
								<Element Type="SqlTypeSpecifier">
									<Relationship Name="Type">
										<Entry>
											<References ExternalSource="BuiltIns" Name="[bit]" />
										</Entry>
									</Relationship>
								</Element>
							</Entry>
						</Relationship>
					</Element>
				</Entry>
				<Entry>
					<Element Type="SqlSimpleColumn" Name="[dbo].[providers].[latitude]">
						<Relationship Name="TypeSpecifier">
							<Entry>
								<Element Type="SqlTypeSpecifier">
									<Property Name="Length" Value="120" />
									<Relationship Name="Type">
										<Entry>
											<References ExternalSource="BuiltIns" Name="[nvarchar]" />
										</Entry>
									</Relationship>
								</Element>
							</Entry>
						</Relationship>
					</Element>
				</Entry>
				<Entry>
					<Element Type="SqlSimpleColumn" Name="[dbo].[providers].[longitude]">
						<Relationship Name="TypeSpecifier">
							<Entry>
								<Element Type="SqlTypeSpecifier">
									<Property Name="Length" Value="120" />
									<Relationship Name="Type">
										<Entry>
											<References ExternalSource="BuiltIns" Name="[nvarchar]" />
										</Entry>
									</Relationship>
								</Element>
							</Entry>
						</Relationship>
					</Element>
				</Entry>
				<Entry>
					<Element Type="SqlSimpleColumn" Name="[dbo].[providers].[state]">
						<Relationship Name="TypeSpecifier">
							<Entry>
								<Element Type="SqlTypeSpecifier">
									<Property Name="Length" Value="100" />
									<Relationship Name="Type">
										<Entry>
											<References ExternalSource="BuiltIns" Name="[nvarchar]" />
										</Entry>
									</Relationship>
								</Element>
							</Entry>
						</Relationship>
						<AttachedAnnotation Disambiguator="6" />
					</Element>
				</Entry>
				<Entry>
					<Element Type="SqlSimpleColumn" Name="[dbo].[providers].[created_at]">
						<Relationship Name="TypeSpecifier">
							<Entry>
								<Element Type="SqlTypeSpecifier">
									<Property Name="Scale" Value="7" />
									<Relationship Name="Type">
										<Entry>
											<References ExternalSource="BuiltIns" Name="[datetime2]" />
										</Entry>
									</Relationship>
								</Element>
							</Entry>
						</Relationship>
					</Element>
				</Entry>
				<Entry>
					<Element Type="SqlSimpleColumn" Name="[dbo].[providers].[updated_at]">
						<Relationship Name="TypeSpecifier">
							<Entry>
								<Element Type="SqlTypeSpecifier">
									<Property Name="Scale" Value="7" />
									<Relationship Name="Type">
										<Entry>
											<References ExternalSource="BuiltIns" Name="[datetime2]" />
										</Entry>
									</Relationship>
								</Element>
							</Entry>
						</Relationship>
					</Element>
				</Entry>
			</Relationship>
			<Relationship Name="Schema">
				<Entry>
					<References ExternalSource="BuiltIns" Name="[dbo]" />
				</Entry>
			</Relationship>
			<AttachedAnnotation Disambiguator="13" />
			<AttachedAnnotation Disambiguator="14" />
		</Element>
		<Element Type="SqlIndex" Name="[dbo].[providers].[providers_name_unique]">
			<Property Name="IsUnique" Value="True" />
			<Property Name="FilterPredicate">
				<Value><![CDATA[([name] IS NOT NULL)]]></Value>
			</Property>
			<Relationship Name="BodyDependencies">
				<Entry>
					<References Name="[dbo].[providers].[name]" />
				</Entry>
			</Relationship>
			<Relationship Name="ColumnSpecifications">
				<Entry>
					<Element Type="SqlIndexedColumnSpecification">
						<Relationship Name="Column">
							<Entry>
								<References Name="[dbo].[providers].[name]" />
							</Entry>
						</Relationship>
					</Element>
				</Entry>
			</Relationship>
			<Relationship Name="IndexedObject">
				<Entry>
					<References Name="[dbo].[providers]" />
				</Entry>
			</Relationship>
		</Element>
		<Element Type="SqlTable" Name="[dbo].[reserves]">
			<Property Name="IsAnsiNullsOn" Value="True" />
			<Relationship Name="Columns">
				<Entry>
					<Element Type="SqlSimpleColumn" Name="[dbo].[reserves].[id]">
						<Property Name="IsNullable" Value="False" />
						<Property Name="IsIdentity" Value="True" />
						<Relationship Name="TypeSpecifier">
							<Entry>
								<Element Type="SqlTypeSpecifier">
									<Relationship Name="Type">
										<Entry>
											<References ExternalSource="BuiltIns" Name="[int]" />
										</Entry>
									</Relationship>
								</Element>
							</Entry>
						</Relationship>
						<Annotation Type="OnlinePropertyAnnotation" Name="[LastValue]">
							<Property Name="Value" Value="66" />
						</Annotation>
					</Element>
				</Entry>
				<Entry>
					<Element Type="SqlSimpleColumn" Name="[dbo].[reserves].[quantity]">
						<Property Name="IsNullable" Value="False" />
						<Relationship Name="TypeSpecifier">
							<Entry>
								<Element Type="SqlTypeSpecifier">
									<Property Name="Length" Value="120" />
									<Relationship Name="Type">
										<Entry>
											<References ExternalSource="BuiltIns" Name="[nvarchar]" />
										</Entry>
									</Relationship>
								</Element>
							</Entry>
						</Relationship>
					</Element>
				</Entry>
				<Entry>
					<Element Type="SqlSimpleColumn" Name="[dbo].[reserves].[price]">
						<Property Name="IsNullable" Value="False" />
						<Relationship Name="TypeSpecifier">
							<Entry>
								<Element Type="SqlTypeSpecifier">
									<Property Name="Length" Value="120" />
									<Relationship Name="Type">
										<Entry>
											<References ExternalSource="BuiltIns" Name="[nvarchar]" />
										</Entry>
									</Relationship>
								</Element>
							</Entry>
						</Relationship>
					</Element>
				</Entry>
				<Entry>
					<Element Type="SqlSimpleColumn" Name="[dbo].[reserves].[userId]">
						<Relationship Name="TypeSpecifier">
							<Entry>
								<Element Type="SqlTypeSpecifier">
									<Relationship Name="Type">
										<Entry>
											<References ExternalSource="BuiltIns" Name="[int]" />
										</Entry>
									</Relationship>
								</Element>
							</Entry>
						</Relationship>
					</Element>
				</Entry>
				<Entry>
					<Element Type="SqlSimpleColumn" Name="[dbo].[reserves].[productId]">
						<Relationship Name="TypeSpecifier">
							<Entry>
								<Element Type="SqlTypeSpecifier">
									<Relationship Name="Type">
										<Entry>
											<References ExternalSource="BuiltIns" Name="[int]" />
										</Entry>
									</Relationship>
								</Element>
							</Entry>
						</Relationship>
					</Element>
				</Entry>
				<Entry>
					<Element Type="SqlSimpleColumn" Name="[dbo].[reserves].[stateReserve]">
						<Relationship Name="TypeSpecifier">
							<Entry>
								<Element Type="SqlTypeSpecifier">
									<Property Name="Length" Value="100" />
									<Relationship Name="Type">
										<Entry>
											<References ExternalSource="BuiltIns" Name="[nvarchar]" />
										</Entry>
									</Relationship>
								</Element>
							</Entry>
						</Relationship>
						<AttachedAnnotation Disambiguator="4" />
					</Element>
				</Entry>
				<Entry>
					<Element Type="SqlSimpleColumn" Name="[dbo].[reserves].[created_at]">
						<Relationship Name="TypeSpecifier">
							<Entry>
								<Element Type="SqlTypeSpecifier">
									<Property Name="Scale" Value="7" />
									<Relationship Name="Type">
										<Entry>
											<References ExternalSource="BuiltIns" Name="[datetime2]" />
										</Entry>
									</Relationship>
								</Element>
							</Entry>
						</Relationship>
					</Element>
				</Entry>
				<Entry>
					<Element Type="SqlSimpleColumn" Name="[dbo].[reserves].[updated_at]">
						<Relationship Name="TypeSpecifier">
							<Entry>
								<Element Type="SqlTypeSpecifier">
									<Property Name="Scale" Value="7" />
									<Relationship Name="Type">
										<Entry>
											<References ExternalSource="BuiltIns" Name="[datetime2]" />
										</Entry>
									</Relationship>
								</Element>
							</Entry>
						</Relationship>
					</Element>
				</Entry>
			</Relationship>
			<Relationship Name="Schema">
				<Entry>
					<References ExternalSource="BuiltIns" Name="[dbo]" />
				</Entry>
			</Relationship>
			<AttachedAnnotation Disambiguator="10" />
		</Element>
		<Element Type="SqlForeignKeyConstraint" Name="[dbo].[reserves_productid_foreign]">
			<Relationship Name="Columns">
				<Entry>
					<References Name="[dbo].[reserves].[productId]" />
				</Entry>
			</Relationship>
			<Relationship Name="DefiningTable">
				<Entry>
					<References Name="[dbo].[reserves]" />
				</Entry>
			</Relationship>
			<Relationship Name="ForeignColumns">
				<Entry>
					<References Name="[dbo].[products].[id]" />
				</Entry>
			</Relationship>
			<Relationship Name="ForeignTable">
				<Entry>
					<References Name="[dbo].[products]" />
				</Entry>
			</Relationship>
		</Element>
		<Element Type="SqlForeignKeyConstraint" Name="[dbo].[reserves_userid_foreign]">
			<Relationship Name="Columns">
				<Entry>
					<References Name="[dbo].[reserves].[userId]" />
				</Entry>
			</Relationship>
			<Relationship Name="DefiningTable">
				<Entry>
					<References Name="[dbo].[reserves]" />
				</Entry>
			</Relationship>
			<Relationship Name="ForeignColumns">
				<Entry>
					<References Name="[dbo].[users].[id]" />
				</Entry>
			</Relationship>
			<Relationship Name="ForeignTable">
				<Entry>
					<References Name="[dbo].[users]" />
				</Entry>
			</Relationship>
		</Element>
		<Element Type="SqlProcedure" Name="[dbo].[search_product_providerId]">
			<Property Name="BodyScript">
				<Value QuotedIdentifiers="True" AnsiNulls="True"><![CDATA[ 
SELECT * from products where providerId = @providerId]]></Value>
			</Property>
			<Property Name="IsAnsiNullsOn" Value="True" />
			<Relationship Name="BodyDependencies">
				<Entry>
					<References Name="[dbo].[products]" />
				</Entry>
				<Entry>
					<References Name="[dbo].[products].[providerId]" />
				</Entry>
				<Entry>
					<References Name="[dbo].[search_product_providerId].[@providerId]" />
				</Entry>
			</Relationship>
			<Relationship Name="Parameters">
				<Entry>
					<Element Type="SqlSubroutineParameter" Name="[dbo].[search_product_providerId].[@providerId]">
						<Relationship Name="Type">
							<Entry>
								<Element Type="SqlTypeSpecifier">
									<Relationship Name="Type">
										<Entry>
											<References ExternalSource="BuiltIns" Name="[int]" />
										</Entry>
									</Relationship>
								</Element>
							</Entry>
						</Relationship>
					</Element>
				</Entry>
			</Relationship>
			<Relationship Name="Schema">
				<Entry>
					<References ExternalSource="BuiltIns" Name="[dbo]" />
				</Entry>
			</Relationship>
			<Annotation Type="SysCommentsObjectAnnotation">
				<Property Name="Length" Value="122" />
				<Property Name="StartLine" Value="1" />
				<Property Name="StartColumn" Value="1" />
				<Property Name="HeaderContents" Value="CREATE   PROCEDURE search_product_providerId @providerId integer&#xA;AS" />
			</Annotation>
		</Element>
		<Element Type="SqlProcedure" Name="[dbo].[search_provider]">
			<Property Name="BodyScript">
				<Value QuotedIdentifiers="True" AnsiNulls="True"><![CDATA[ 
SELECT * from providers where id = @id]]></Value>
			</Property>
			<Property Name="IsAnsiNullsOn" Value="True" />
			<Relationship Name="BodyDependencies">
				<Entry>
					<References Name="[dbo].[providers]" />
				</Entry>
				<Entry>
					<References Name="[dbo].[providers].[id]" />
				</Entry>
				<Entry>
					<References Name="[dbo].[search_provider].[@id]" />
				</Entry>
			</Relationship>
			<Relationship Name="Parameters">
				<Entry>
					<Element Type="SqlSubroutineParameter" Name="[dbo].[search_provider].[@id]">
						<Relationship Name="Type">
							<Entry>
								<Element Type="SqlTypeSpecifier">
									<Relationship Name="Type">
										<Entry>
											<References ExternalSource="BuiltIns" Name="[int]" />
										</Entry>
									</Relationship>
								</Element>
							</Entry>
						</Relationship>
					</Element>
				</Entry>
			</Relationship>
			<Relationship Name="Schema">
				<Entry>
					<References ExternalSource="BuiltIns" Name="[dbo]" />
				</Entry>
			</Relationship>
			<Annotation Type="SysCommentsObjectAnnotation">
				<Property Name="Length" Value="89" />
				<Property Name="StartLine" Value="1" />
				<Property Name="StartColumn" Value="1" />
				<Property Name="HeaderContents" Value="CREATE   PROCEDURE search_provider @id integer&#xA;AS" />
			</Annotation>
		</Element>
		<Element Type="SqlProcedure" Name="[dbo].[search_provider_district]">
			<Property Name="BodyScript">
				<Value QuotedIdentifiers="True" AnsiNulls="True"><![CDATA[ 
SELECT * from providers where (district = @district or @district is null)]]></Value>
			</Property>
			<Property Name="IsAnsiNullsOn" Value="True" />
			<Relationship Name="BodyDependencies">
				<Entry>
					<References Name="[dbo].[providers]" />
				</Entry>
				<Entry>
					<References Name="[dbo].[providers].[district]" />
				</Entry>
				<Entry>
					<References Name="[dbo].[search_provider_district].[@district]" />
				</Entry>
			</Relationship>
			<Relationship Name="Parameters">
				<Entry>
					<Element Type="SqlSubroutineParameter" Name="[dbo].[search_provider_district].[@district]">
						<Relationship Name="Type">
							<Entry>
								<Element Type="SqlTypeSpecifier">
									<Property Name="Length" Value="200" />
									<Relationship Name="Type">
										<Entry>
											<References ExternalSource="BuiltIns" Name="[nvarchar]" />
										</Entry>
									</Relationship>
								</Element>
							</Entry>
						</Relationship>
					</Element>
				</Entry>
			</Relationship>
			<Relationship Name="Schema">
				<Entry>
					<References ExternalSource="BuiltIns" Name="[dbo]" />
				</Entry>
			</Relationship>
			<Annotation Type="SysCommentsObjectAnnotation">
				<Property Name="Length" Value="145" />
				<Property Name="StartLine" Value="1" />
				<Property Name="StartColumn" Value="1" />
				<Property Name="HeaderContents" Value="CREATE   PROCEDURE search_provider_district @district NVARCHAR(200)&#xA;AS" />
			</Annotation>
		</Element>
		<Element Type="SqlProcedure" Name="[dbo].[search_provider_REGISTER]">
			<Property Name="BodyScript">
				<Value QuotedIdentifiers="True" AnsiNulls="True"><![CDATA[ 
SELECT id,ruc,name,district,address,state,email,firtsname_representative,lastname_representative from providers 
order by id ASC]]></Value>
			</Property>
			<Property Name="IsAnsiNullsOn" Value="True" />
			<Relationship Name="BodyDependencies">
				<Entry>
					<References Name="[dbo].[providers]" />
				</Entry>
				<Entry>
					<References Name="[dbo].[providers].[id]" />
				</Entry>
				<Entry>
					<References Name="[dbo].[providers].[ruc]" />
				</Entry>
				<Entry>
					<References Name="[dbo].[providers].[name]" />
				</Entry>
				<Entry>
					<References Name="[dbo].[providers].[district]" />
				</Entry>
				<Entry>
					<References Name="[dbo].[providers].[address]" />
				</Entry>
				<Entry>
					<References Name="[dbo].[providers].[state]" />
				</Entry>
				<Entry>
					<References Name="[dbo].[providers].[email]" />
				</Entry>
				<Entry>
					<References Name="[dbo].[providers].[firtsname_representative]" />
				</Entry>
				<Entry>
					<References Name="[dbo].[providers].[lastname_representative]" />
				</Entry>
			</Relationship>
			<Relationship Name="Schema">
				<Entry>
					<References ExternalSource="BuiltIns" Name="[dbo]" />
				</Entry>
			</Relationship>
			<Annotation Type="SysCommentsObjectAnnotation">
				<Property Name="Length" Value="185" />
				<Property Name="StartLine" Value="1" />
				<Property Name="StartColumn" Value="1" />
				<Property Name="HeaderContents" Value="CREATE   PROCEDURE [dbo].[search_provider_REGISTER] &#xA;AS" />
			</Annotation>
		</Element>
		<Element Type="SqlProcedure" Name="[dbo].[search_reserved_by_user]">
			<Property Name="BodyScript">
				<Value QuotedIdentifiers="True" AnsiNulls="True"><![CDATA[ 
(SELECT
	p.name as 'name',
	pro.name as 'provider',
	r.*
from reserves r,
	products p,
	providers pro
where
	r.userId = @userid AND
	r.productId = p.id AND
	p.providerId = pro.id
)]]></Value>
			</Property>
			<Property Name="IsAnsiNullsOn" Value="True" />
			<Relationship Name="BodyDependencies">
				<Entry>
					<References Name="[dbo].[reserves]" />
				</Entry>
				<Entry>
					<References Name="[dbo].[products]" />
				</Entry>
				<Entry>
					<References Name="[dbo].[providers]" />
				</Entry>
				<Entry>
					<References Name="[dbo].[products].[name]" />
				</Entry>
				<Entry>
					<References Name="[dbo].[providers].[name]" />
				</Entry>
				<Entry>
					<References Name="[dbo].[reserves].[userId]" />
				</Entry>
				<Entry>
					<References Name="[dbo].[search_reserved_by_user].[@userid]" />
				</Entry>
				<Entry>
					<References Name="[dbo].[reserves].[productId]" />
				</Entry>
				<Entry>
					<References Name="[dbo].[products].[id]" />
				</Entry>
				<Entry>
					<References Name="[dbo].[products].[providerId]" />
				</Entry>
				<Entry>
					<References Name="[dbo].[providers].[id]" />
				</Entry>
			</Relationship>
			<Relationship Name="Parameters">
				<Entry>
					<Element Type="SqlSubroutineParameter" Name="[dbo].[search_reserved_by_user].[@userid]">
						<Relationship Name="Type">
							<Entry>
								<Element Type="SqlTypeSpecifier">
									<Relationship Name="Type">
										<Entry>
											<References ExternalSource="BuiltIns" Name="[int]" />
										</Entry>
									</Relationship>
								</Element>
							</Entry>
						</Relationship>
					</Element>
				</Entry>
			</Relationship>
			<Relationship Name="Schema">
				<Entry>
					<References ExternalSource="BuiltIns" Name="[dbo]" />
				</Entry>
			</Relationship>
			<Annotation Type="SysCommentsObjectAnnotation">
				<Property Name="Length" Value="250" />
				<Property Name="StartLine" Value="1" />
				<Property Name="StartColumn" Value="1" />
				<Property Name="HeaderContents" Value="CREATE  PROCEDURE [dbo].[search_reserved_by_user] @userid integer&#xA;AS" />
			</Annotation>
		</Element>
		<Element Type="SqlProcedure" Name="[dbo].[search_reserved_userid]">
			<Property Name="BodyScript">
				<Value QuotedIdentifiers="True" AnsiNulls="True"><![CDATA[ 
SELECT * from reserves where userId = @userid]]></Value>
			</Property>
			<Property Name="IsAnsiNullsOn" Value="True" />
			<Relationship Name="BodyDependencies">
				<Entry>
					<References Name="[dbo].[reserves]" />
				</Entry>
				<Entry>
					<References Name="[dbo].[reserves].[userId]" />
				</Entry>
				<Entry>
					<References Name="[dbo].[search_reserved_userid].[@userid]" />
				</Entry>
			</Relationship>
			<Relationship Name="Parameters">
				<Entry>
					<Element Type="SqlSubroutineParameter" Name="[dbo].[search_reserved_userid].[@userid]">
						<Relationship Name="Type">
							<Entry>
								<Element Type="SqlTypeSpecifier">
									<Relationship Name="Type">
										<Entry>
											<References ExternalSource="BuiltIns" Name="[int]" />
										</Entry>
									</Relationship>
								</Element>
							</Entry>
						</Relationship>
					</Element>
				</Entry>
			</Relationship>
			<Relationship Name="Schema">
				<Entry>
					<References ExternalSource="BuiltIns" Name="[dbo]" />
				</Entry>
			</Relationship>
			<Annotation Type="SysCommentsObjectAnnotation">
				<Property Name="Length" Value="107" />
				<Property Name="StartLine" Value="1" />
				<Property Name="StartColumn" Value="1" />
				<Property Name="HeaderContents" Value="CREATE   PROCEDURE search_reserved_userid @userid integer&#xA;AS" />
			</Annotation>
		</Element>
		<Element Type="SqlTable" Name="[dbo].[tokens]">
			<Property Name="IsAnsiNullsOn" Value="True" />
			<Relationship Name="Columns">
				<Entry>
					<Element Type="SqlSimpleColumn" Name="[dbo].[tokens].[id]">
						<Property Name="IsNullable" Value="False" />
						<Property Name="IsIdentity" Value="True" />
						<Relationship Name="TypeSpecifier">
							<Entry>
								<Element Type="SqlTypeSpecifier">
									<Relationship Name="Type">
										<Entry>
											<References ExternalSource="BuiltIns" Name="[int]" />
										</Entry>
									</Relationship>
								</Element>
							</Entry>
						</Relationship>
						<Annotation Type="OnlinePropertyAnnotation" Name="[LastValue]">
							<Property Name="Value" Value="0" />
						</Annotation>
					</Element>
				</Entry>
				<Entry>
					<Element Type="SqlSimpleColumn" Name="[dbo].[tokens].[user_id]">
						<Relationship Name="TypeSpecifier">
							<Entry>
								<Element Type="SqlTypeSpecifier">
									<Relationship Name="Type">
										<Entry>
											<References ExternalSource="BuiltIns" Name="[int]" />
										</Entry>
									</Relationship>
								</Element>
							</Entry>
						</Relationship>
					</Element>
				</Entry>
				<Entry>
					<Element Type="SqlSimpleColumn" Name="[dbo].[tokens].[token]">
						<Property Name="IsNullable" Value="False" />
						<Relationship Name="TypeSpecifier">
							<Entry>
								<Element Type="SqlTypeSpecifier">
									<Property Name="Length" Value="255" />
									<Relationship Name="Type">
										<Entry>
											<References ExternalSource="BuiltIns" Name="[nvarchar]" />
										</Entry>
									</Relationship>
								</Element>
							</Entry>
						</Relationship>
					</Element>
				</Entry>
				<Entry>
					<Element Type="SqlSimpleColumn" Name="[dbo].[tokens].[type]">
						<Property Name="IsNullable" Value="False" />
						<Relationship Name="TypeSpecifier">
							<Entry>
								<Element Type="SqlTypeSpecifier">
									<Property Name="Length" Value="80" />
									<Relationship Name="Type">
										<Entry>
											<References ExternalSource="BuiltIns" Name="[nvarchar]" />
										</Entry>
									</Relationship>
								</Element>
							</Entry>
						</Relationship>
					</Element>
				</Entry>
				<Entry>
					<Element Type="SqlSimpleColumn" Name="[dbo].[tokens].[is_revoked]">
						<Relationship Name="TypeSpecifier">
							<Entry>
								<Element Type="SqlTypeSpecifier">
									<Relationship Name="Type">
										<Entry>
											<References ExternalSource="BuiltIns" Name="[bit]" />
										</Entry>
									</Relationship>
								</Element>
							</Entry>
						</Relationship>
						<AttachedAnnotation Disambiguator="7" />
					</Element>
				</Entry>
				<Entry>
					<Element Type="SqlSimpleColumn" Name="[dbo].[tokens].[created_at]">
						<Relationship Name="TypeSpecifier">
							<Entry>
								<Element Type="SqlTypeSpecifier">
									<Property Name="Scale" Value="7" />
									<Relationship Name="Type">
										<Entry>
											<References ExternalSource="BuiltIns" Name="[datetime2]" />
										</Entry>
									</Relationship>
								</Element>
							</Entry>
						</Relationship>
					</Element>
				</Entry>
				<Entry>
					<Element Type="SqlSimpleColumn" Name="[dbo].[tokens].[updated_at]">
						<Relationship Name="TypeSpecifier">
							<Entry>
								<Element Type="SqlTypeSpecifier">
									<Property Name="Scale" Value="7" />
									<Relationship Name="Type">
										<Entry>
											<References ExternalSource="BuiltIns" Name="[datetime2]" />
										</Entry>
									</Relationship>
								</Element>
							</Entry>
						</Relationship>
					</Element>
				</Entry>
			</Relationship>
			<Relationship Name="Schema">
				<Entry>
					<References ExternalSource="BuiltIns" Name="[dbo]" />
				</Entry>
			</Relationship>
			<AttachedAnnotation Disambiguator="11" />
		</Element>
		<Element Type="SqlIndex" Name="[dbo].[tokens].[tokens_token_index]">
			<Relationship Name="ColumnSpecifications">
				<Entry>
					<Element Type="SqlIndexedColumnSpecification">
						<Relationship Name="Column">
							<Entry>
								<References Name="[dbo].[tokens].[token]" />
							</Entry>
						</Relationship>
					</Element>
				</Entry>
			</Relationship>
			<Relationship Name="IndexedObject">
				<Entry>
					<References Name="[dbo].[tokens]" />
				</Entry>
			</Relationship>
		</Element>
		<Element Type="SqlIndex" Name="[dbo].[tokens].[tokens_token_unique]">
			<Property Name="IsUnique" Value="True" />
			<Property Name="FilterPredicate">
				<Value><![CDATA[([token] IS NOT NULL)]]></Value>
			</Property>
			<Relationship Name="BodyDependencies">
				<Entry>
					<References Name="[dbo].[tokens].[token]" />
				</Entry>
			</Relationship>
			<Relationship Name="ColumnSpecifications">
				<Entry>
					<Element Type="SqlIndexedColumnSpecification">
						<Relationship Name="Column">
							<Entry>
								<References Name="[dbo].[tokens].[token]" />
							</Entry>
						</Relationship>
					</Element>
				</Entry>
			</Relationship>
			<Relationship Name="IndexedObject">
				<Entry>
					<References Name="[dbo].[tokens]" />
				</Entry>
			</Relationship>
		</Element>
		<Element Type="SqlForeignKeyConstraint" Name="[dbo].[tokens_user_id_foreign]">
			<Relationship Name="Columns">
				<Entry>
					<References Name="[dbo].[tokens].[user_id]" />
				</Entry>
			</Relationship>
			<Relationship Name="DefiningTable">
				<Entry>
					<References Name="[dbo].[tokens]" />
				</Entry>
			</Relationship>
			<Relationship Name="ForeignColumns">
				<Entry>
					<References Name="[dbo].[users].[id]" />
				</Entry>
			</Relationship>
			<Relationship Name="ForeignTable">
				<Entry>
					<References Name="[dbo].[users]" />
				</Entry>
			</Relationship>
		</Element>
		<Element Type="SqlProcedure" Name="[dbo].[udp_state_reserve]">
			<Property Name="BodyScript">
				<Value QuotedIdentifiers="True" AnsiNulls="True"><![CDATA[
update [reserves]
set [stateReserve] = @stateReserve
where [id] = @id]]></Value>
			</Property>
			<Property Name="IsAnsiNullsOn" Value="True" />
			<Relationship Name="BodyDependencies">
				<Entry>
					<References Name="[dbo].[reserves]" />
				</Entry>
				<Entry>
					<References Name="[dbo].[reserves].[stateReserve]" />
				</Entry>
				<Entry>
					<References Name="[dbo].[udp_state_reserve].[@stateReserve]" />
				</Entry>
				<Entry>
					<References Name="[dbo].[reserves].[id]" />
				</Entry>
				<Entry>
					<References Name="[dbo].[udp_state_reserve].[@id]" />
				</Entry>
			</Relationship>
			<Relationship Name="Parameters">
				<Entry>
					<Element Type="SqlSubroutineParameter" Name="[dbo].[udp_state_reserve].[@id]">
						<Relationship Name="Type">
							<Entry>
								<Element Type="SqlTypeSpecifier">
									<Relationship Name="Type">
										<Entry>
											<References ExternalSource="BuiltIns" Name="[int]" />
										</Entry>
									</Relationship>
								</Element>
							</Entry>
						</Relationship>
					</Element>
				</Entry>
				<Entry>
					<Element Type="SqlSubroutineParameter" Name="[dbo].[udp_state_reserve].[@stateReserve]">
						<Relationship Name="Type">
							<Entry>
								<Element Type="SqlTypeSpecifier">
									<Property Name="Length" Value="100" />
									<Relationship Name="Type">
										<Entry>
											<References ExternalSource="BuiltIns" Name="[nvarchar]" />
										</Entry>
									</Relationship>
								</Element>
							</Entry>
						</Relationship>
					</Element>
				</Entry>
			</Relationship>
			<Relationship Name="Schema">
				<Entry>
					<References ExternalSource="BuiltIns" Name="[dbo]" />
				</Entry>
			</Relationship>
			<Annotation Type="SysCommentsObjectAnnotation">
				<Property Name="Length" Value="154" />
				<Property Name="StartLine" Value="1" />
				<Property Name="StartColumn" Value="1" />
				<Property Name="HeaderContents" Value="create procedure udp_state_reserve&#xD;&#xA;@id [int],&#xD;&#xA;@stateReserve [NVARCHAR](100)&#xD;&#xA;As" />
			</Annotation>
		</Element>
		<Element Type="SqlProcedure" Name="[dbo].[update_provider]">
			<Property Name="BodyScript">
				<Value QuotedIdentifiers="True" AnsiNulls="True"><![CDATA[ 

UPDATE providers
SET name=@NomEmp,
	address= @Direccion,
	district=@Distrito,
	firtsname_representative=@NomRepresent,
	lastname_representative=@ApeRepresent,
	updated_at=GETDATE()
WHERE ruc=@Ruc

SET @idprovider = '1']]></Value>
			</Property>
			<Property Name="IsAnsiNullsOn" Value="True" />
			<Relationship Name="BodyDependencies">
				<Entry>
					<References Name="[dbo].[providers]" />
				</Entry>
				<Entry>
					<References Name="[dbo].[providers].[name]" />
				</Entry>
				<Entry>
					<References Name="[dbo].[update_provider].[@NomEmp]" />
				</Entry>
				<Entry>
					<References Name="[dbo].[providers].[address]" />
				</Entry>
				<Entry>
					<References Name="[dbo].[update_provider].[@Direccion]" />
				</Entry>
				<Entry>
					<References Name="[dbo].[providers].[district]" />
				</Entry>
				<Entry>
					<References Name="[dbo].[update_provider].[@Distrito]" />
				</Entry>
				<Entry>
					<References Name="[dbo].[providers].[firtsname_representative]" />
				</Entry>
				<Entry>
					<References Name="[dbo].[update_provider].[@NomRepresent]" />
				</Entry>
				<Entry>
					<References Name="[dbo].[providers].[lastname_representative]" />
				</Entry>
				<Entry>
					<References Name="[dbo].[update_provider].[@ApeRepresent]" />
				</Entry>
				<Entry>
					<References Name="[dbo].[providers].[updated_at]" />
				</Entry>
				<Entry>
					<References Name="[dbo].[providers].[ruc]" />
				</Entry>
				<Entry>
					<References Name="[dbo].[update_provider].[@Ruc]" />
				</Entry>
				<Entry>
					<References Name="[dbo].[update_provider].[@idprovider]" />
				</Entry>
			</Relationship>
			<Relationship Name="Parameters">
				<Entry>
					<Element Type="SqlSubroutineParameter" Name="[dbo].[update_provider].[@Ruc]">
						<Relationship Name="Type">
							<Entry>
								<Element Type="SqlTypeSpecifier">
									<Property Name="Length" Value="22" />
									<Relationship Name="Type">
										<Entry>
											<References ExternalSource="BuiltIns" Name="[varchar]" />
										</Entry>
									</Relationship>
								</Element>
							</Entry>
						</Relationship>
					</Element>
				</Entry>
				<Entry>
					<Element Type="SqlSubroutineParameter" Name="[dbo].[update_provider].[@NomEmp]">
						<Relationship Name="Type">
							<Entry>
								<Element Type="SqlTypeSpecifier">
									<Property Name="Length" Value="50" />
									<Relationship Name="Type">
										<Entry>
											<References ExternalSource="BuiltIns" Name="[varchar]" />
										</Entry>
									</Relationship>
								</Element>
							</Entry>
						</Relationship>
					</Element>
				</Entry>
				<Entry>
					<Element Type="SqlSubroutineParameter" Name="[dbo].[update_provider].[@Distrito]">
						<Relationship Name="Type">
							<Entry>
								<Element Type="SqlTypeSpecifier">
									<Property Name="Length" Value="50" />
									<Relationship Name="Type">
										<Entry>
											<References ExternalSource="BuiltIns" Name="[varchar]" />
										</Entry>
									</Relationship>
								</Element>
							</Entry>
						</Relationship>
					</Element>
				</Entry>
				<Entry>
					<Element Type="SqlSubroutineParameter" Name="[dbo].[update_provider].[@Direccion]">
						<Relationship Name="Type">
							<Entry>
								<Element Type="SqlTypeSpecifier">
									<Property Name="Length" Value="100" />
									<Relationship Name="Type">
										<Entry>
											<References ExternalSource="BuiltIns" Name="[varchar]" />
										</Entry>
									</Relationship>
								</Element>
							</Entry>
						</Relationship>
					</Element>
				</Entry>
				<Entry>
					<Element Type="SqlSubroutineParameter" Name="[dbo].[update_provider].[@NomRepresent]">
						<Relationship Name="Type">
							<Entry>
								<Element Type="SqlTypeSpecifier">
									<Property Name="Length" Value="100" />
									<Relationship Name="Type">
										<Entry>
											<References ExternalSource="BuiltIns" Name="[varchar]" />
										</Entry>
									</Relationship>
								</Element>
							</Entry>
						</Relationship>
					</Element>
				</Entry>
				<Entry>
					<Element Type="SqlSubroutineParameter" Name="[dbo].[update_provider].[@ApeRepresent]">
						<Relationship Name="Type">
							<Entry>
								<Element Type="SqlTypeSpecifier">
									<Property Name="Length" Value="100" />
									<Relationship Name="Type">
										<Entry>
											<References ExternalSource="BuiltIns" Name="[varchar]" />
										</Entry>
									</Relationship>
								</Element>
							</Entry>
						</Relationship>
					</Element>
				</Entry>
				<Entry>
					<Element Type="SqlSubroutineParameter" Name="[dbo].[update_provider].[@idprovider]">
						<Property Name="IsOutput" Value="True" />
						<Relationship Name="Type">
							<Entry>
								<Element Type="SqlTypeSpecifier">
									<Relationship Name="Type">
										<Entry>
											<References ExternalSource="BuiltIns" Name="[int]" />
										</Entry>
									</Relationship>
								</Element>
							</Entry>
						</Relationship>
					</Element>
				</Entry>
			</Relationship>
			<Relationship Name="Schema">
				<Entry>
					<References ExternalSource="BuiltIns" Name="[dbo]" />
				</Entry>
			</Relationship>
			<Annotation Type="SysCommentsObjectAnnotation">
				<Property Name="Length" Value="435" />
				<Property Name="StartLine" Value="1" />
				<Property Name="StartColumn" Value="1" />
				<Property Name="HeaderContents" Value="CREATE  PROCEDURE [dbo].[update_provider]&#xA;@Ruc varchar(22),&#xA;@NomEmp varchar(50),&#xA;@Distrito varchar(50),&#xA;@Direccion varchar(100),&#xA;@NomRepresent varchar(100),&#xA;@ApeRepresent varchar(100),&#xA;@idprovider integer output&#xA;AS" />
			</Annotation>
		</Element>
		<Element Type="SqlProcedure" Name="[dbo].[user_login]">
			<Property Name="BodyScript">
				<Value QuotedIdentifiers="True" AnsiNulls="True"><![CDATA[
    SELECT	id As IdUser,
            name As Nombres,
            email As LoginUsuario,
            password As PasswordUsuario,
            role As "Role",
            isactive As Activo,
            user_create As UsuarioCrea,
            user_modify As UsuarioModifica,
            created_at As FechaCrea,
            updated_at As FechaModifica 
FROM	users U
WHERE	U.email = @LOGINUSUARIO
		AND U.password = @PASSWORDUSUARIO]]></Value>
			</Property>
			<Property Name="IsAnsiNullsOn" Value="True" />
			<Relationship Name="BodyDependencies">
				<Entry>
					<References Name="[dbo].[users]" />
				</Entry>
				<Entry>
					<References Name="[dbo].[users].[id]" />
				</Entry>
				<Entry>
					<References Name="[dbo].[users].[name]" />
				</Entry>
				<Entry>
					<References Name="[dbo].[users].[email]" />
				</Entry>
				<Entry>
					<References Name="[dbo].[users].[password]" />
				</Entry>
				<Entry>
					<References Name="[dbo].[users].[role]" />
				</Entry>
				<Entry>
					<References Name="[dbo].[users].[isactive]" />
				</Entry>
				<Entry>
					<References Name="[dbo].[users].[user_create]" />
				</Entry>
				<Entry>
					<References Name="[dbo].[users].[user_modify]" />
				</Entry>
				<Entry>
					<References Name="[dbo].[users].[created_at]" />
				</Entry>
				<Entry>
					<References Name="[dbo].[users].[updated_at]" />
				</Entry>
				<Entry>
					<References Name="[dbo].[users].[email]" />
				</Entry>
				<Entry>
					<References Name="[dbo].[user_login].[@LOGINUSUARIO]" />
				</Entry>
				<Entry>
					<References Name="[dbo].[users].[password]" />
				</Entry>
				<Entry>
					<References Name="[dbo].[user_login].[@PASSWORDUSUARIO]" />
				</Entry>
			</Relationship>
			<Relationship Name="Parameters">
				<Entry>
					<Element Type="SqlSubroutineParameter" Name="[dbo].[user_login].[@LOGINUSUARIO]">
						<Relationship Name="Type">
							<Entry>
								<Element Type="SqlTypeSpecifier">
									<Property Name="Length" Value="64" />
									<Relationship Name="Type">
										<Entry>
											<References ExternalSource="BuiltIns" Name="[varchar]" />
										</Entry>
									</Relationship>
								</Element>
							</Entry>
						</Relationship>
					</Element>
				</Entry>
				<Entry>
					<Element Type="SqlSubroutineParameter" Name="[dbo].[user_login].[@PASSWORDUSUARIO]">
						<Relationship Name="Type">
							<Entry>
								<Element Type="SqlTypeSpecifier">
									<Property Name="Length" Value="128" />
									<Relationship Name="Type">
										<Entry>
											<References ExternalSource="BuiltIns" Name="[varchar]" />
										</Entry>
									</Relationship>
								</Element>
							</Entry>
						</Relationship>
					</Element>
				</Entry>
			</Relationship>
			<Relationship Name="Schema">
				<Entry>
					<References ExternalSource="BuiltIns" Name="[dbo]" />
				</Entry>
			</Relationship>
			<Annotation Type="SysCommentsObjectAnnotation">
				<Property Name="Length" Value="532" />
				<Property Name="StartLine" Value="1" />
				<Property Name="StartColumn" Value="1" />
				<Property Name="HeaderContents" Value="CREATE PROCEDURE [dbo].[user_login]&#xA;(&#xA;&#x9;@LOGINUSUARIO VARCHAR(64),&#xA;&#x9;@PASSWORDUSUARIO VARCHAR(128)&#xA;)&#xA;AS" />
			</Annotation>
		</Element>
		<Element Type="SqlTable" Name="[dbo].[users]">
			<Property Name="IsAnsiNullsOn" Value="True" />
			<Relationship Name="Columns">
				<Entry>
					<Element Type="SqlSimpleColumn" Name="[dbo].[users].[id]">
						<Property Name="IsNullable" Value="False" />
						<Property Name="IsIdentity" Value="True" />
						<Relationship Name="TypeSpecifier">
							<Entry>
								<Element Type="SqlTypeSpecifier">
									<Relationship Name="Type">
										<Entry>
											<References ExternalSource="BuiltIns" Name="[int]" />
										</Entry>
									</Relationship>
								</Element>
							</Entry>
						</Relationship>
						<Annotation Type="OnlinePropertyAnnotation" Name="[LastValue]">
							<Property Name="Value" Value="136" />
						</Annotation>
					</Element>
				</Entry>
				<Entry>
					<Element Type="SqlSimpleColumn" Name="[dbo].[users].[name]">
						<Property Name="IsNullable" Value="False" />
						<Relationship Name="TypeSpecifier">
							<Entry>
								<Element Type="SqlTypeSpecifier">
									<Property Name="Length" Value="80" />
									<Relationship Name="Type">
										<Entry>
											<References ExternalSource="BuiltIns" Name="[nvarchar]" />
										</Entry>
									</Relationship>
								</Element>
							</Entry>
						</Relationship>
					</Element>
				</Entry>
				<Entry>
					<Element Type="SqlSimpleColumn" Name="[dbo].[users].[email]">
						<Property Name="IsNullable" Value="False" />
						<Relationship Name="TypeSpecifier">
							<Entry>
								<Element Type="SqlTypeSpecifier">
									<Property Name="Length" Value="254" />
									<Relationship Name="Type">
										<Entry>
											<References ExternalSource="BuiltIns" Name="[nvarchar]" />
										</Entry>
									</Relationship>
								</Element>
							</Entry>
						</Relationship>
					</Element>
				</Entry>
				<Entry>
					<Element Type="SqlSimpleColumn" Name="[dbo].[users].[password]">
						<Property Name="IsNullable" Value="False" />
						<Relationship Name="TypeSpecifier">
							<Entry>
								<Element Type="SqlTypeSpecifier">
									<Property Name="Length" Value="60" />
									<Relationship Name="Type">
										<Entry>
											<References ExternalSource="BuiltIns" Name="[nvarchar]" />
										</Entry>
									</Relationship>
								</Element>
							</Entry>
						</Relationship>
					</Element>
				</Entry>
				<Entry>
					<Element Type="SqlSimpleColumn" Name="[dbo].[users].[role]">
						<Property Name="IsNullable" Value="False" />
						<Relationship Name="TypeSpecifier">
							<Entry>
								<Element Type="SqlTypeSpecifier">
									<Property Name="Length" Value="60" />
									<Relationship Name="Type">
										<Entry>
											<References ExternalSource="BuiltIns" Name="[nvarchar]" />
										</Entry>
									</Relationship>
								</Element>
							</Entry>
						</Relationship>
					</Element>
				</Entry>
				<Entry>
					<Element Type="SqlSimpleColumn" Name="[dbo].[users].[created_at]">
						<Relationship Name="TypeSpecifier">
							<Entry>
								<Element Type="SqlTypeSpecifier">
									<Property Name="Scale" Value="7" />
									<Relationship Name="Type">
										<Entry>
											<References ExternalSource="BuiltIns" Name="[datetime2]" />
										</Entry>
									</Relationship>
								</Element>
							</Entry>
						</Relationship>
					</Element>
				</Entry>
				<Entry>
					<Element Type="SqlSimpleColumn" Name="[dbo].[users].[updated_at]">
						<Relationship Name="TypeSpecifier">
							<Entry>
								<Element Type="SqlTypeSpecifier">
									<Property Name="Scale" Value="7" />
									<Relationship Name="Type">
										<Entry>
											<References ExternalSource="BuiltIns" Name="[datetime2]" />
										</Entry>
									</Relationship>
								</Element>
							</Entry>
						</Relationship>
					</Element>
				</Entry>
				<Entry>
					<Element Type="SqlSimpleColumn" Name="[dbo].[users].[isactive]">
						<Relationship Name="TypeSpecifier">
							<Entry>
								<Element Type="SqlTypeSpecifier">
									<Property Name="Length" Value="100" />
									<Relationship Name="Type">
										<Entry>
											<References ExternalSource="BuiltIns" Name="[varchar]" />
										</Entry>
									</Relationship>
								</Element>
							</Entry>
						</Relationship>
					</Element>
				</Entry>
				<Entry>
					<Element Type="SqlSimpleColumn" Name="[dbo].[users].[user_create]">
						<Relationship Name="TypeSpecifier">
							<Entry>
								<Element Type="SqlTypeSpecifier">
									<Relationship Name="Type">
										<Entry>
											<References ExternalSource="BuiltIns" Name="[int]" />
										</Entry>
									</Relationship>
								</Element>
							</Entry>
						</Relationship>
					</Element>
				</Entry>
				<Entry>
					<Element Type="SqlSimpleColumn" Name="[dbo].[users].[user_modify]">
						<Relationship Name="TypeSpecifier">
							<Entry>
								<Element Type="SqlTypeSpecifier">
									<Relationship Name="Type">
										<Entry>
											<References ExternalSource="BuiltIns" Name="[int]" />
										</Entry>
									</Relationship>
								</Element>
							</Entry>
						</Relationship>
					</Element>
				</Entry>
			</Relationship>
			<Relationship Name="Schema">
				<Entry>
					<References ExternalSource="BuiltIns" Name="[dbo]" />
				</Entry>
			</Relationship>
			<AttachedAnnotation Disambiguator="8" />
		</Element>
		<Element Type="SqlIndex" Name="[dbo].[users].[users_email_unique]">
			<Property Name="IsUnique" Value="True" />
			<Property Name="FilterPredicate">
				<Value><![CDATA[([email] IS NOT NULL)]]></Value>
			</Property>
			<Relationship Name="BodyDependencies">
				<Entry>
					<References Name="[dbo].[users].[email]" />
				</Entry>
			</Relationship>
			<Relationship Name="ColumnSpecifications">
				<Entry>
					<Element Type="SqlIndexedColumnSpecification">
						<Relationship Name="Column">
							<Entry>
								<References Name="[dbo].[users].[email]" />
							</Entry>
						</Relationship>
					</Element>
				</Entry>
			</Relationship>
			<Relationship Name="IndexedObject">
				<Entry>
					<References Name="[dbo].[users]" />
				</Entry>
			</Relationship>
		</Element>
	</Model>
</DataSchemaModel>