﻿<?xml version="1.0" encoding="utf-8"?>
<DacOrigin xmlns="http://schemas.microsoft.com/sqlserver/dac/Serialization/2012/02">
  <PackageProperties>
    <Version>3.1.0.0</Version>
    <ContainsExportedData>true</ContainsExportedData>
    <StreamVersions>
      <Version StreamName="Data">2.0.0.0</Version>
      <Version StreamName="DeploymentContributors">1.0.0.0</Version>
    </StreamVersions>
  </PackageProperties>
  <Operation>
    <Identity>11a68843-24d6-40f8-aaab-c4b2279a891e</Identity>
    <Start>2021-05-08T00:54:19.6931713+00:00</Start>
    <End>0001-01-01T00:00:00.0000000</End>
    <ProductName>Microsoft.SqlServer.Dac, Version=15.0.0.0, Culture=neutral, PublicKeyToken=b03f5f7f11d50a3a</ProductName>
    <ProductVersion>15.0.5132.1</ProductVersion>
    <ProductSchema>http://schemas.microsoft.com/sqlserver/dac/Serialization/2012/02</ProductSchema>
  </Operation>
  <Server>
    <ServerVersion>Microsoft SQL Azure (RTM) - 12.0.2000.8 
	Apr 29 2021 13:52:20 
	Copyright (C) 2019 Microsoft Corporation
</ServerVersion>
    <ObjectCounts>
      <DatabaseOptions>1</DatabaseOptions>
      <DefaultConstraint>5</DefaultConstraint>
      <ForeignKeyConstraint>4</ForeignKeyConstraint>
      <Index>4</Index>
      <PrimaryKeyConstraint>6</PrimaryKeyConstraint>
      <Procedure>18</Procedure>
      <SimpleColumn>54</SimpleColumn>
      <SubroutineParameter>36</SubroutineParameter>
      <Table>6</Table>
      <UniqueConstraint>1</UniqueConstraint>
    </ObjectCounts>
  </Server>
  <ExportStatistics>
    <SourceDatabaseSize>6240</SourceDatabaseSize>
    <TableRowCountTotalTag>313</TableRowCountTotalTag>
  </ExportStatistics>
  <Checksums>
    <Checksum Uri="/model.xml">AE574E00F70CAFEAD85E7866F227ABECF6BB26C68A640B728D77BFEDCE3713A8</Checksum>
  </Checksums>
  <ModelSchemaVersion>2.5</ModelSchemaVersion>
</DacOrigin>